{
    "rmse": 0.0023564286400522614,
    "mse": 5.55275593565855e-06,
    "mae": 0.0018728088710055794,
    "max": 0.0069868998269227755,
    "lp4": 3.1360439338685574e-05,
    "rrmse": 0.6899967325431243
}