{
    "rmse": 0.284215583899719,
    "mse": 0.08077849813145821,
    "mae": 0.22628067193395196,
    "max": 0.7192369141149354,
    "lp4": 0.01962711899829629,
    "rrmse": 0.2871010952776935
}