{
    "rmse": 486.80206052934705,
    "mse": 236976.24613561807,
    "mae": 378.98139939676366,
    "max": 2694.103809919019,
    "lp4": 0.5207455598328123,
    "rrmse": 0.5471442055823301
}