{
    "rmse": 0.017941680682484216,
    "mse": 0.0003219039057122273,
    "mae": 0.017934237659845188,
    "max": 0.018965718047712767,
    "lp4": 0.0009549832636130594,
    "rrmse": 6.4820520545845834
}