{
    "rmse": 0.01062327905308593,
    "mse": 0.0001128540578397343,
    "mae": 0.006994150065809374,
    "max": 0.02506326240160806,
    "lp4": 0.00014567017782252955,
    "rrmse": 1.0974192717713478
}