{
    "rmse": 41.079079515087386,
    "mse": 1687.4907738068719,
    "mae": 15.878468160248936,
    "max": 434.54666668501784,
    "lp4": 0.087094750436068,
    "rrmse": 0.9116069040912247
}