{
    "rmse": 43.58828746773146,
    "mse": 1899.9388043695956,
    "mae": 20.64816139759286,
    "max": 332.598841921508,
    "lp4": 0.08355538370790787,
    "rrmse": 0.7315924201782059
}