{
    "rmse": 357.27298212060646,
    "mse": 127643.98375335117,
    "mae": 266.29150214547286,
    "max": 1970.1656800346377,
    "lp4": 0.5254649921141705,
    "rrmse": 0.9440102777909387
}