{
    "all": {
        "vib": 0.00011345484385577677,
        "rot": 0.00024328581220301048,
        "trans": 0.000355789265631721
    },
    "trans": {
        "vib": 0.00018823425651104037,
        "rot": 0.0004317906953291759,
        "trans": 0.0005572521310289044
    },
    "rot": {
        "vib": 0.0001976149047352659,
        "rot": 0.0004486677941940578,
        "trans": 0.0003838343759530559
    },
    "vib": {
        "vib": 0.0002166890699957409,
        "rot": 0.00037770965542624404,
        "trans": 0.00023386036463890993
    }
}